id,display_title,main_artist,song_title,music8_artist_slug,music8_song_slug,spotify_artists,slug_candidates
4ccfc716-dc79-4be8-846a-99929bb0a901,$UICIDEBOY$ - 12 Gauge,$UICIDEBOY$,12 Gauge,uicideboy,12-gauge,"$uicideboy$, KirbLaGoop",uicideboy/12-gauge; kirblagoop/12-gauge
61fc2f59-039e-46b8-b1d3-ab7648ff6b01,070 Shake - True Love,070 Shake,True Love,070-shake,true-love,"Christine and the Queens, 070 Shake",070-shake/true-love; christine/true-love
d36757cf-4161-4395-b014-7e506ea34e7c,50 Cent - Payback,50 Cent,Payback,50-cent,payback,"Lloyd Banks, 50 Cent",50-cent/payback; lloyd-banks/payback
2c81dcc5-1701-4e0a-a98a-f4dd3bbd440a,6ix9ine - Swervin,6ix9ine,Swervin,6ix9ine,swervin,"A Boogie Wit da Hoodie, 6ix9ine",6ix9ine/swervin; boogie-wit-da-hoodie/swervin
0145658f-4da9-493c-846d-82dd567fd9ba,6LACK - Dilemma,6LACK,Dilemma,6lack,dilemma-3,"Nelly, Kelly Rowland",6lack/dilemma-3; nelly/dilemma-3; kelly-rowland/dilemma-3
bd94b783-ec7f-4ec6-b09d-d0b350dd4550,albert hammond jr - Another Hit Of Showmanship,albert hammond jr,Another Hit Of Showmanship,albert-hammond-jr,another-hit-of-showmanship,"ザ・ストラッツ, アルバート・ハモンドJr.",albert-hammond-jr/another-hit-of-showmanship; jr/another-hit-of-showmanship
f2c0de67-26ee-48fb-b473-cc82beb6bfdd,Amaranthe - Do Or Die,Amaranthe,Do Or Die,,,"Amaranthe, Angela Gossow",amaranthe/do-or-die; angela-gossow/do-or-die
b375d9cb-511a-4973-a03a-d1274ffc972b,Anderson .Paak - Poetry In Motion,Anderson .Paak,Poetry In Motion,anderson-paak,poetry-in-motion-2,"SiR, Anderson .Paak",anderson-paak/poetry-in-motion-2; sir/poetry-in-motion-2
ed4595c4-c856-44a2-8fd7-ac5e0e3a7417,Ann Wilson - Don't Tell Me,Ann Wilson,Don't Tell Me,ann-wilson,dont-tell-me-5,"Disturbed, Ann Wilson",ann-wilson/dont-tell-me-5; disturbed/dont-tell-me-5
5e78a8c2-c982-4868-8a51-84a8c5253fda,"Apple Music - Estelle: “American Boy""",Apple Music,"Estelle: “American Boy""",,,"Estelle, Kanye West",apple-music/estelle-american-boy; estelle/estelle-american-boy; kanye-west/estelle-american-boy
ef88a45c-274d-4082-a458-b2293454d34c,Armin van Buuren - Offshore,Armin van Buuren,Offshore,armin-van-buuren,offshore,"ArminvanBuuren,AVIRA,Chicane",armin-van-buuren/offshore; arminvanbuuren/offshore
757d09c7-36b1-411f-af74-062228cd55c2,Artemas - Mustang Baby,Artemas,Mustang Baby,artemas,mustang-baby-%e2%98%86,"Nessa Barrett, Artemas",artemas/mustang-baby-%e2%98%86; nessa-barrett/mustang-baby-%e2%98%86
76168140-4477-44c5-9b9f-8fc82daf2a71,Atarashii Gakko! - '나란히 나란히 Narani Narani',Atarashii Gakko!,'나란히 나란히 Narani Narani',atarashii-gakko,%eb%82%98%eb%9e%80%ed%9e%88-%eb%82%98%eb%9e%80%ed%9e%88-narani-narani,"Balming Tiger, ATARASHII GAKKO!",atarashii-gakko/%eb%82%98%eb%9e%80%ed%9e%88-%eb%82%98%eb%9e%80%ed%9e%88-narani-narani; balming-tiger/%eb%82%98%eb%9e%80%ed%9e%88-%eb%82%98%eb%9e%80%ed%9e%88-narani-narani
4e200cb7-c361-4a3d-b677-6fe9c02334b8,ATSMXN - Winter Memories,ATSMXN,Winter Memories,atsmxn,winter-memories,"VØJ, ATSMXN",atsmxn/winter-memories; v-j/winter-memories
68199696-1fac-4620-9e8d-97c781939d6f,Avalon - Log Off,Avalon,Log Off,,,"PlaqueBoyMax, Bryson Tiller",avalon/log-off; plaqueboymax/log-off; bryson-tiller/log-off
ff5c6159-d7c3-4132-9158-9a5947677d48,Baby Keem - Leavemealone,Baby Keem,Leavemealone,baby-keem,leavemealone-2,"Fred again.., Baby Keem",baby-keem/leavemealone-2; fred-again/leavemealone-2
d5d53eb9-bfbf-4ddd-8bcc-95e4854819f7,BAD OMENS - Anything ＞ Human,BAD OMENS,Anything ＞ Human,bad-omens,anything-%ef%bc%9e-human,"Bad Omens, ERRA",bad-omens/anything-%ef%bc%9e-human; erra/anything-%ef%bc%9e-human
958a4035-52a4-4e21-a4d9-f7801ed90e8f,Badlands - Dreams In The Dark,Badlands,Dreams In The Dark,,,"The Velvet Underground, Nico",badlands/dreams-in-the-dark; velvet-underground/dreams-in-the-dark; nico/dreams-in-the-dark
9b4b0a3e-caa4-4d90-bd5a-87b7ec82ce7c,BARBZ - ⁠⁠Butterflies,BARBZ,⁠⁠Butterflies,barbz,%e2%81%a0%e2%81%a0butterflies,"Martin Garrix, Matisse & Sadko, BARBZ",barbz/%e2%81%a0%e2%81%a0butterflies; martin-garrix/%e2%81%a0%e2%81%a0butterflies
495453f4-fdd0-48f1-9edf-8d29843ce4df,Bastille - Head Down,Bastille,Head Down,bastille,head-down,"ロスト・フリクエンシーズ, Bastille",bastille/head-down
d0c93f08-5b32-41d6-9042-16fd5fc45cc0,Be No Rain - Almost Like The Rain,Be No Rain,Almost Like The Rain,be-no-rain,almost-like-the-rain,"KAS:ST, Be No Rain",be-no-rain/almost-like-the-rain; kas-st/almost-like-the-rain
4358deff-5a69-41c0-ad76-20a439cf0211,Becky Hill - Run,Becky Hill,Run,becky-hill,run,"BeckyHill,Galantis",becky-hill/run; beckyhill/run
f12e5404-a9c6-4468-97e8-5a557dac7127,benny blanco - Bad Decisions,benny blanco,Bad Decisions,benny-blanco,bad-decisions,"bennyblanco,BTS,SnoopDogg",benny-blanco/bad-decisions; bennyblanco/bad-decisions
0db2fc8e-6f70-42c8-8b5e-5a2a6b199268,Beyoncé - Baby Boy,Beyoncé,Baby Boy,beyonce,baby-boy,"ビヨンセ, ショーン・ポール",beyonce/baby-boy
2d5b9572-baa3-4ec9-8440-5d2a631ae35a,Big Sean - Common,Big Sean,Common,big-sean,common,"Quinn XCII, Big Sean",big-sean/common; quinn-xcii/common
bf3da81d-0d8c-4b16-b370-71597f864844,Biig Piig - Sweet,Biig Piig,Sweet,biig-piig,sweet-2,"MØ, Biig Piig",biig-piig/sweet-2; m/sweet-2
8a743ac3-dc12-44d6-8631-ffe8f8b75ffa,Black Eyed Peas - Don't You Worry,Black Eyed Peas,Don't You Worry,black-eyed-peas,dont-you-worry-2,"BlackEyedPeas,Shakira,DavidGuetta",black-eyed-peas/dont-you-worry-2; blackeyedpeas/dont-you-worry-2
8f3ad963-5e07-4c0b-80cc-e0a897cecbe9,Black Eyed Peas - Rock That Body Hq,Black Eyed Peas,Rock That Body Hq,,,"Sérgio Mendes, Black Eyed Peas",black-eyed-peas/rock-that-body-hq; sergio-mendes/rock-that-body-hq
def51016-10c2-46d4-b7e2-94be083fe335,Blake Shelton - Purple Irises,Blake Shelton,Purple Irises,blake-shelton,purple-irises-2,"Gwen Stefani, Blake Shelton",blake-shelton/purple-irises-2; gwen-stefani/purple-irises-2
ef852040-da94-4ba4-88d0-78c65f74662a,Bon Iver - Weird Goodbyes,Bon Iver,Weird Goodbyes,bon-iver,weird-goodbyes,"ザ・ナショナル, ボン・イヴェール",bon-iver/weird-goodbyes
9eaf5caa-fe1b-415b-a96c-89ddcf145139,Bon Jovi - The Peoples House,Bon Jovi,The Peoples House,bon-jovi,the-peoples-house,"War And Treaty, War And Treaty",bon-jovi/the-peoples-house; war/the-peoples-house
45b2f931-9c28-44e3-ac74-07f63124e0c6,Bootsy Collins - Hip Hop Lollipop,Bootsy Collins,Hip Hop Lollipop,bootsy-collins,hip-hop-lollipop,"BootsyCollins,Fantaazma,VictorWooten",bootsy-collins/hip-hop-lollipop; bootsycollins/hip-hop-lollipop
fdc4131a-39af-4fc0-b3fd-59a47c6a160d,BossLife Big Spence - Pimpin Like Kenny Red,BossLife Big Spence,Pimpin Like Kenny Red,bosslife-big-spence,pimpin-like-kenny-red,"Too $hort, Larry June, BossLife Big Spence",bosslife-big-spence/pimpin-like-kenny-red; too-hort/pimpin-like-kenny-red; larry-june/pimpin-like-kenny-red
bd7fd9cc-14b9-48fb-82eb-ae7a22fcbad2,"Bou - Baddadan Ft. Irah, Flowdan, Trigga, Takura",Bou,"Baddadan Ft. Irah, Flowdan, Trigga, Takura",bou,baddadan-ft-irah-flowdan-trigga-takura,"Chase and Status, Bou",bou/baddadan-ft-irah-flowdan-trigga-takura; chase/baddadan-ft-irah-flowdan-trigga-takura
226c9080-3e01-46a2-9a98-8091a73c6b1d,Calvin Harris - Stay With Me,Calvin Harris,Stay With Me,calvin-harris,stay-with-me-2,"CalvinHarris,JustinTimberlake,Halsey,PharrellWilliams",calvin-harris/stay-with-me-2; calvinharris/stay-with-me-2
537bc825-e4b5-4037-aaf2-175cfc2f561f,Camila Cabello - Hot Uptown,Camila Cabello,Hot Uptown,camila-cabello,hot-uptown,"カミラ・カベロ, ドレイク",camila-cabello/hot-uptown
1d4af545-9bed-440a-a269-c5d0c2b23c8c,Camila Cabello - Psychofreak,Camila Cabello,Psychofreak,camila-cabello,psychofreak,"CamilaCabello,WILLOW",camila-cabello/psychofreak; camilacabello/psychofreak
cc0ee585-73b9-48ef-9539-ad6ad8ddea06,Camila Cabello - Senorita,Camila Cabello,Senorita,camila-cabello,senorita,"ショーン・メンデス, カミラ・カベロ",camila-cabello/senorita
792040b1-6e8f-419b-8e4c-ce211bb4bb8c,Carpenter Brut - Doom Dance,Carpenter Brut,Doom Dance,carpenter-brut,doom-dance-2,"Gunship, Carpenter Brut, Gavin Rossdale",carpenter-brut/doom-dance-2; gunship/doom-dance-2; gavin-rossdale/doom-dance-2
8aadaef9-aa5f-4958-97bc-255370358f25,Central Cee - Overseas,Central Cee,Overseas,central-cee,overseas,"D-Block Europe, Central Cee",central-cee/overseas; d-block-europe/overseas
0d346f3a-f920-4359-9592-40f9f297066d,Channy Leaneagh - I'll Wait,Channy Leaneagh,I'll Wait,channy-leaneagh,ill-wait-le-youth-remix,"Lane8, Channy Leaneagh, Le Youth",channy-leaneagh/ill-wait-le-youth-remix; lane8/ill-wait-le-youth-remix; le-youth/ill-wait-le-youth-remix
7a817778-8ea0-466d-b67f-986d9b6264a2,Charlotte Sands - Loved You A Little,Charlotte Sands,Loved You A Little,charlotte-sands,loved-you-a-little,"TheMaine,TakingBackSunday,CharlotteSands",charlotte-sands/loved-you-a-little; themaine/loved-you-a-little
a46dd2cd-a817-45ff-86bc-e6523a62b9e1,Chicane - Saltwater,Chicane,Saltwater,chicane,saltwater-2,"Chicane, Moya Brennan",chicane/saltwater-2; moya-brennan/saltwater-2
cbb6d798-1b47-471f-abd7-ba14a0cf90c7,Childish Gambino - Witchy,Childish Gambino,Witchy,childish-gambino,witchy-2,"KAYTRANADA, Childish Gambino",childish-gambino/witchy-2; kaytranada/witchy-2
fc14bc25-a26b-4d82-b363-07b06eeb0fec,JID - Sk8,JID,Sk8,jid,,"JID, Ciara, EARTHGANG",jid/sk8; ciara/sk8; earthgang/sk8
8b6b3504-4449-40a1-be2f-6831842cb42c,Coolio - Gangsta's Paradise,Coolio,Gangsta's Paradise,,,"Coolio, L.V.",coolio/gangstas-paradise; l-v/gangstas-paradise
8040a05a-003f-43ea-9a28-8f35e4502926,Daft Punk - Get Lucky,Daft Punk,Get Lucky,,,"Daft Punk, Pharrell Williams, Nile Rodgers",daft-punk/get-lucky; pharrell-williams/get-lucky; nile-rodgers/get-lucky
2230e389-1435-450a-9130-4816853dd418,Dash Berlin - Time After Time,Dash Berlin,Time After Time,dash-berlin,time-after-time-2,"DashBerlin,DubVision,EmmaHewitt",dash-berlin/time-after-time-2; dashberlin/time-after-time-2
47d3b130-8786-4efb-9a3d-f61c65aa96c4,David Bowie - This Is Not America,David Bowie,This Is Not America,,,"David Bowie, Pat Metheny Group",david-bowie/this-is-not-america; pat-metheny-group/this-is-not-america
58eb1db8-69f2-4973-9482-ae4693d71f2e,David Guetta - Ameno Amapiano,David Guetta,Ameno Amapiano,david-guetta,ameno-amapiano-you-wanna-bamba,"GoyaMenor,Nektunez,DavidGuetta",david-guetta/ameno-amapiano-you-wanna-bamba; goyamenor/ameno-amapiano-you-wanna-bamba
826c07f4-fd06-439f-85cf-82fa0883498e,David Guetta - Jennifer Lopez & David Guetta - Save Me Tonight,David Guetta,Jennifer Lopez & David Guetta - Save Me Tonight,,,"Jennifer Lopez, David Guetta, Seth Hills",david-guetta/jennifer-lopez-david-guetta-save-me-tonight; jennifer-lopez/jennifer-lopez-david-guetta-save-me-tonight; seth-hills/jennifer-lopez-david-guetta-save-me-tonight
4a05f86e-6328-4fe5-8fa5-fd8ec3e1afb6,David Guetta - Pum Pum,David Guetta,Pum Pum,david-guetta,pum-pum-2,"Dimitri Vegas, David Guetta, Loreen",david-guetta/pum-pum-2; dimitri-vegas/pum-pum-2; loreen/pum-pum-2
6aebf637-b66d-43c5-8a65-4c02d73ca73d,Dillon Francis - Hot Tub,Dillon Francis,Hot Tub,dillon-francis,hot-tub,"YungGravy,T-Pain,DillonFrancis",dillon-francis/hot-tub; yunggravy/hot-tub
146493fd-01c0-46ed-97ee-2265d23e4382,Dionnewarwick - That's What Friends Are For,Dionnewarwick,That's What Friends Are For,,,"Dionne Warwick, Elton John, Gladys Knight, Stevie Wonder",dionnewarwick/thats-what-friends-are-for; dionne-warwick/thats-what-friends-are-for; elton-john/thats-what-friends-are-for; gladys-knight/thats-what-friends-are-for; stevie-wonder/thats-what-friends-are-for
6c60dd74-6d37-4df8-98f7-b0fbbf5a4099,DISPATCH - Live & Let Go,DISPATCH,Live & Let Go,dispatch,live-let-go,"Quinn XCII, DISPATCH",dispatch/live-let-go; quinn-xcii/live-let-go
926a425c-d848-4177-a6b7-5995aef862cd,Doechii - Runway,Doechii,Runway,doechii,runway-2,"Lady Gaga, Doechii",doechii/runway-2; lady-gaga/runway-2
14ab2562-b059-4847-b4e7-3887e2a35715,Dragonforce - Gluz - Burning Heart,Dragonforce,Gluz - Burning Heart,,,"DragonForce, Alissa White-Gluz",dragonforce/gluz-burning-heart; alissa-white-gluz/gluz-burning-heart
0daa9d8d-ce46-48e7-9986-08d92cbd22e6,Ed Sheeran - The Joker And The Queen,Ed Sheeran,The Joker And The Queen,ed-sheeran,the-joker-and-the-queen,"エド・シーラン, テイラー・スウィフト",ed-sheeran/the-joker-and-the-queen
b8001ab1-1a29-432f-b6e0-decfcb8262b5,Ekko City - Move On,Ekko City,Move On,ekko-city,move-on,"EkkoCity,Movada,Mokita",ekko-city/move-on; ekkocity/move-on
0c77a900-3a6e-47ff-9296-1815bba3ec18,Elderbrook - When I Talk,Elderbrook,When I Talk,elderbrook,when-i-talk,"deadmau5,Kaskade,Kx5",elderbrook/when-i-talk; deadmau5/when-i-talk
7ec823c3-a49b-461d-a9c9-05b3777b0226,Electric Callboy - Spaceman,Electric Callboy,Spaceman,electric-callboy,spaceman,"ElectricCallboy,FiNCH",electric-callboy/spaceman; electriccallboy/spaceman
8092d825-c3ee-44cf-a3b0-ad8e1c9e0fdc,Eminem - No Shady,Eminem,No Shady,eminem,no-shady,"Eminem, Lil Wayne",eminem/no-shady; lil-wayne/no-shady
45f54f1b-4722-4df0-a09c-965a31e1dde3,Eric Clapton - It's Probably Me,Eric Clapton,It's Probably Me,eric-clapton,its-probably-me,"スティング, エリック・クラプトン",eric-clapton/its-probably-me
9c0bc927-f253-4a0e-8ee3-7590e4f898d3,Fear Factory - Disobey - Disruptor Remix,Fear Factory,Disobey - Disruptor Remix,fear-factory,disobey-disruptor-remix,"FearFactory,Zardonic",fear-factory/disobey-disruptor-remix; fearfactory/disobey-disruptor-remix
9e00a1ff-117b-463f-b6e1-29547e9550f9,Foo Fighters - The Glass,Foo Fighters,The Glass,foo-fighters,the-glass,"H.E.R., Foo Fighters",foo-fighters/the-glass; h-e-r/the-glass
6b812666-cd84-43b4-9485-dfb85502aa4c,Freddie Gibbs - Off Road,Freddie Gibbs,Off Road,freddie-gibbs,off-road,"Rory, Masego, Freddie Gibbs",freddie-gibbs/off-road; rory/off-road; masego/off-road
c0cb777c-cb99-43a8-bf2c-0a96943bbecd,Frédéric Lo - You Can't Keep It From Me Forever,Frédéric Lo,You Can't Keep It From Me Forever,frederic-lo,you-cant-keep-it-from-me-forever,"PeterDoherty,Fr?d?ricLo",frederic-lo/you-cant-keep-it-from-me-forever; peterdoherty/you-cant-keep-it-from-me-forever
07155cc7-42f9-41bb-8ca6-07a59ace9748,Future - South Of France,Future,South Of France,future,south-of-france,"フューチャー, トラヴィス・スコット",future/south-of-france
9620a38a-10e4-44bb-be48-fc9de62c165e,Gesaffelstein - Conquistador,Gesaffelstein,Conquistador,gesaffelstein,conquistador,"Jean-Michel Jarre, Gesaffelstein",gesaffelstein/conquistador; jean-michel-jarre/conquistador
ae741120-d3a8-4936-89f4-88a42b1dfc31,"girlfriends - 5,6,7,8",girlfriends,"5,6,7,8",girlfriends,5678,"LØLØ, girlfriends",girlfriends/5678; l-l/5678
db18b8e5-aa28-480d-9587-3014aa857bdd,Goody Grace - Rest In Pieces,Goody Grace,Rest In Pieces,goody-grace,rest-in-pieces,"KelsyKarter&TheHeroines,GoodyGrace",goody-grace/rest-in-pieces; kelsykarter-theheroines/rest-in-pieces
1c2d237f-505f-4daa-a108-2b12a24ada8a,Gotye - Somebody That I Used To Know,Gotye,Somebody That I Used To Know,,,"Gotye, Kimbra",gotye/somebody-that-1-used-to-know; kimbra/somebody-that-1-used-to-know
44fceacb-d1fe-4920-827e-94341e6e35c7,Grimes - Entwined,Grimes,Entwined,grimes,entwined-2,"Sub Focus, Grimes",grimes/entwined-2; sub-focus/entwined-2
b2b61990-7da8-4500-aab7-a0a11fec94d4,Hayla - Another World,Hayla,Another World,hayla,another-world-2,"MEDUZA, HAYLA, Kevin de Vries, SLVR",hayla/another-world-2; meduza/another-world-2; kevin-de-vries/another-world-2; slvr/another-world-2
052b69d3-68e9-4444-af61-fdbd464fbec4,Herb Alpert - Diamonds Hd,Herb Alpert,Diamonds Hd,,,"Herb Alpert, Janet Jackson",herb-alpert/diamonds-hd; janet-jackson/diamonds-hd
e7e3d669-7db2-4686-9bdc-e95478c0a51d,Hotel Lobby - Quavo & Takeoff,Hotel Lobby,Quavo & Takeoff,,,"Quavo, Takeoff",hotel-lobby/quavo-takeoff; quavo/quavo-takeoff; takeoff/quavo-takeoff
3469d012-8a23-46d4-890e-dbdcd83162c2,iann dior - Goodbye,iann dior,Goodbye,iann-dior,goodbye-5,"Adekunle Gold, Fousheé",iann-dior/goodbye-5; adekunle-gold/goodbye-5; foushee/goodbye-5
c5dc9285-7bc6-4221-8c5e-f0ec2e726a8a,Ilkay Sencan - Talk,Ilkay Sencan,Talk,ilkay-sencan,talk-4,"IlkaySencan,INNA",ilkay-sencan/talk-4; ilkaysencan/talk-4
d0d0a5a8-3d73-4b54-9d13-e9f3f277ad3a,In The End [Official Hd Music Video] - Linkin Park,In The End [Official Hd Music Video],Linkin Park,,,"Linkin Park, Motion Man",in-the-end-official-hd-music-video/linkin-park; linkin-park/linkin-park; motion-man/linkin-park
34c009aa-41ab-460b-b53d-7aa04a88916b,james reid - Hello 2.0 Legends Only,james reid,Hello 2.0 Legends Only,james-reid,hello-2-0-legends-only,"James Reid, TransparentArts,JAYB,?ZI",james-reid/hello-2-0-legends-only; transparentarts/hello-2-0-legends-only
d025b8ba-815d-4be3-90f0-39a90561737a,Jasiah - Taking Over Me,Jasiah,Taking Over Me,jasiah,taking-over-me,"マギー・リンデマン, Jasiah",jasiah/taking-over-me
577bf4af-e77a-4503-9da1-ed679788a698,Jazzy - All This Time,Jazzy,All This Time,jazzy,all-this-time-4,"Sonny Fodera, Jazzy",jazzy/all-this-time-4; sonny-fodera/all-this-time-4
1d76a7b7-d690-4787-aa9d-04a36a9f46f2,Jeff Beck - Patient Number,Jeff Beck,Patient Number,jeff-beck,patient-number,"オジー・オズボーン, ジェフ・ベック",jeff-beck/patient-number
49c8ab58-bfa3-444c-8a11-d8ccd4620d80,Jim Yosef - Stamp On The Ground,Jim Yosef,Stamp On The Ground,jim-yosef,stamp-on-the-ground,"JimYosef,Scarlett",jim-yosef/stamp-on-the-ground; jimyosef/stamp-on-the-ground
feb13829-343c-4e4d-874b-e64cf905ba43,Jody Watley - Looking For A New Love,Jody Watley,Looking For A New Love,,,"Jody Watley, Louil Silas Jr.",jody-watley/looking-for-a-new-love; louil-silas-jr/looking-for-a-new-love
00d04245-21b2-4b0f-9b2e-5ed7266585da,Joe Jonas - Not Alone,Joe Jonas,Not Alone,joe-jonas,not-alone,"JoeJonas,Khalid",joe-jonas/not-alone; joejonas/not-alone
178be201-59ed-4a3e-bd94-3c5c15d239d1,JoJo - Bottomline,JoJo,Bottomline,jojo,bottomline-2,"Tori Kelly , JoJo",jojo/bottomline-2; tori-kelly/bottomline-2
1df48cd0-6270-423e-8c79-8b451c3db2b7,Kali Uchis - Is It A Crime,Kali Uchis,Is It A Crime,kali-uchis,is-it-a-crime-3,"Mariah the Scientist, Kali Uchis",kali-uchis/is-it-a-crime-3; mariah-the-scientist/is-it-a-crime-3
1bbbb8bb-2773-4f34-b2e1-d88798a157e3,Katy Perry - Dark Horse,Katy Perry,Dark Horse,,,"Katy Perry, Juicy J",katy-perry/dark-horse; juicy-j/dark-horse
c9364537-4df9-4180-b25f-bfb74687230e,Kehlani - Folded Remix,Kehlani,Folded Remix,kehlani,folded-remix,"Kehlani, Ne-Yo",kehlani/folded-remix; ne-yo/folded-remix
2fd8c655-8e37-471a-8cbd-3fee5018081a,KETTAMA - Fen Violet,KETTAMA,Fen Violet,kettama,fen-violet,"アンダーワールド, KETTAMA",kettama/fen-violet
33506c0d-5749-46fc-ad34-0c45a0324989,Kid Cudi - The Scotts,Kid Cudi,The Scotts,kid-cudi,the-scotts,"THE SCOTTS, トラヴィス・スコット, キッド・カディ",kid-cudi/the-scotts; scotts/the-scotts
748d0332-7c9d-480c-8c91-f38e5e2936db,Kygo - Save My Love,Kygo,Save My Love,,save-my-love-2,"Kygo, Khalid, Gryffin",kygo/save-my-love-2; khalid/save-my-love-2; gryffin/save-my-love-2
fe8f88f9-3747-4bc5-8df5-1e67279dbf69,Kylie Minogue - Dance Alone,Kylie Minogue,Dance Alone,kylie-minogue,dance-alone-2,"シーア, カイリー・ミノーグ",kylie-minogue/dance-alone-2
d8955c79-1aad-41a8-b3f6-2bddadf8439e,Kyndle Wylde - Say You'll Be There,Kyndle Wylde,Say You'll Be There,kyndle-wylde,say-youll-be-there-vintage-style-cover,"Scott Bradlee's Postmodern Jukebox, Kyndle Wylde, Tawanda, Tatum Langley",kyndle-wylde/say-youll-be-there-vintage-style-cover; scott-bradlees-postmodern-jukebox/say-youll-be-there-vintage-style-cover; tawanda/say-youll-be-there-vintage-style-cover; tatum-langley/say-youll-be-there-vintage-style-cover
555221ae-2421-4029-be47-d7e906ecbb0c,Le Youth - Lighthouse,Le Youth,Lighthouse,le-youth,lighthouse,"LeYouth,RBBTS",le-youth/lighthouse; leyouth/lighthouse
e7b0b1ab-b373-454f-8715-2b910e03ec46,Lloyd Banks - Power,Lloyd Banks,Power,lloyd-banks,power-2,"Lloyd Banks, Jadakiss",lloyd-banks/power-2; jadakiss/power-2
0a4f6e7b-26e9-45b5-97f4-a83626ca149d,Loui & Victony - Selema,Loui & Victony,Selema,loui-victony,selema-po-po,"MusaKeys,Loui",loui-victony/selema-po-po; musakeys/selema-po-po
d59a99d9-fc0c-46ef-bd62-fbc31d6edce8,Lucas &Amp; Steve - Can't Forget You,Lucas &Amp; Steve,Can't Forget You,lucas-steve,cant-forget-you,"LUM!X, Lucas & Steve",lucas-steve/cant-forget-you; lum-x/cant-forget-you
ce0b6a03-3440-4084-a9c4-c34714d46e8e,Luis Fonsi - Despacito,Luis Fonsi,Despacito,,,"Luis Fonsi, Daddy Yankee",luis-fonsi/despacito; daddy-yankee/despacito
a9f7c0b2-3537-4ab4-918e-f92be7be63d5,Luther - Kendrick Lamar & Sza,Luther,Kendrick Lamar & Sza,,,"Kendrick Lamar, SZA",luther/kendrick-lamar-sza; kendrick-lamar/kendrick-lamar-sza; sza/kendrick-lamar-sza
c031cdcc-c1e2-45aa-86fd-243f5b53b39a,Machine Gun Kelly - Emo Girl,Machine Gun Kelly,Emo Girl,machine-gun-kelly,emo-girl,"MachineGunKelly,WILLOW",machine-gun-kelly/emo-girl; machinegunkelly/emo-girl
18c629c8-f7c9-4c06-af03-15020a4690a9,Macklemore - Thrift Shop,Macklemore,Thrift Shop,,,"Macklemore & Ryan Lewis, Macklemore, Ryan Lewis, Wanz",macklemore/thrift-shop; ryan-lewis/thrift-shop; wanz/thrift-shop
0ab0d70e-c322-4862-8493-303aee374205,Maggie Lindemann - Break Me!,Maggie Lindemann,Break Me!,maggie-lindemann,break-me,"MaggieLindemann,Siiickbrain",maggie-lindemann/break-me; maggielindemann/break-me
15bfed9c-50fb-4714-9c27-3d34e4a9b84d,Mariah Carey - Don't Stop Christmas Now,Mariah Carey,Don't Stop Christmas Now,mariah-carey,dont-stop-christmas-now,"2Ectasy, jeffy, Kakagoesbackhome",mariah-carey/dont-stop-christmas-now; 2ectasy/dont-stop-christmas-now; jeffy/dont-stop-christmas-now; kakagoesbackhome/dont-stop-christmas-now
d31c8de5-7a81-4ad7-b398-9e2d9492eca5,MEARSY - Dna,MEARSY,Dna,mearsy,dna-2,"Sophie and the Giants, MEARSY",mearsy/dna-2; sophie/dna-2
73c4d376-373d-4518-9ddc-d386e4ec2507,Metrikuk - Awake,Metrikuk,Awake,metrikuk,awake,"Metrik, ÆON:MODE, Blanke",metrikuk/awake; metrik/awake; on-mode/awake; blanke/awake
e7383047-e727-4707-8be3-ea38b92a157c,Michael Jackson - Say Say Say,Michael Jackson,Say Say Say,,,"Paul McCartney, Michael Jackson",michael-jackson/say-say-say; paul-mccartney/say-say-say
6069c45c-9162-4cf1-8e91-e9a3639a6d6e,Michael Patrick Kelly - Wonders,Michael Patrick Kelly,Wonders,michael-patrick-kelly,wonders-2,"MichaelPatrickKelly,Rakim",michael-patrick-kelly/wonders-2; michaelpatrickkelly/wonders-2
a02609eb-ab0b-4107-8649-8bb614f79d59,Milet - Inside You / The Home Take,Milet,Inside You / The Home Take,,,"Chris Brown, Tyga, Fat Trel",milet/inside-you-the-home-take; chris-brown/inside-you-the-home-take; tyga/inside-you-the-home-take; fat-trel/inside-you-the-home-take
461c5ac5-afae-4604-b2e7-5ba7e53dfa6f,Miley Cyrus - Doctor,Miley Cyrus,Doctor,miley-cyrus,doctor,"ファレル・ウィリアムス, マイリー・サイラス",miley-cyrus/doctor
d7ee0676-db21-4c59-82ca-6bf9b14ced15,Missing - Everything But The Girl,Missing,Everything But The Girl,,,"Everything But The Girl, Todd Terry",missing/everything-but-the-girl; everything-but-the-girl/everything-but-the-girl; todd-terry/everything-but-the-girl
e8756a37-629b-49c9-86c7-3230958bfdcb,Mos Def - Take It Back,Mos Def,Take It Back,mos-def,take-it-back,"Pia Mia, Chris Brown, Tyga",mos-def/take-it-back; pia-mia/take-it-back; chris-brown/take-it-back; tyga/take-it-back
ad00e841-189b-4044-b017-91d88156c1c7,Mr. Probz - Waves,Mr. Probz,Waves,chris-brown,waves-4,"Mr. Probz, Chris Brown, T.I.",chris-brown/waves-4; mr-probz/waves-4; t-i/waves-4
449bfabc-4c43-4561-89da-c6f73644edf0,Narvent - Memory Reboot,Narvent,Memory Reboot,narvent,memory-reboot,"VØJ, Narvent",narvent/memory-reboot; v-j/memory-reboot
1352fa22-d24f-4a91-bd4b-80cb8a15e4ab,Narvent - Moonlit,Narvent,Moonlit,narvent,moonlit,"VØJ, Narvent",narvent/moonlit; v-j/moonlit
bcc96979-cb24-40e2-92c6-35c9b06625d5,Neil Young - Big Change,Neil Young,Big Change,neil-young,big-change,"ニール・ヤング, neil young and the chrome hearts",neil-young/big-change
aa9cc627-c328-43fc-8cbb-b60b671c1ab5,Olivia Newton - John - Physical,Olivia Newton,John - Physical,,,"Glee Cast, Olivia Newton-John",olivia-newton/john-physical; glee-cast/john-physical; olivia-newton-john/john-physical
999b06bd-a7f7-4df1-afe8-58839f1046d4,Passenger,Passenger,Passenger,,,"Passenger, Ed Sheeran",passenger/passenger; ed-sheeran/passenger
6024198f-4f6f-431a-aa50-fd189f512efc,Purple Disco Machine - Paradise,Purple Disco Machine,Paradise,purple-disco-machine,paradise-4,"Sophie and the Giants, Purple Disco Machine",purple-disco-machine/paradise-4; sophie/paradise-4
0e703945-2d0a-4076-9b1f-cbffaa74f89a,Richard Sanderson - Reality,Richard Sanderson,Reality,,,"Vladimir Cosma, Richard Sanderson",richard-sanderson/reality; vladimir-cosma/reality
f7843026-83a7-4b37-a346-b09d84a83fe8,Robby East - Start Over,Robby East,Start Over,robby-east,start-over,"RobbyEast,Tailor",robby-east/start-over; robbyeast/start-over
f2bcb9e3-cfc5-439b-b1c9-6f6e10be3011,Robert Palmer - Addicted To Love,Robert Palmer,Addicted To Love,,,"Robert Palmer, Eric 'ET' Thorngren",robert-palmer/addicted-to-love; eric-et-thorngren/addicted-to-love
253be812-8a62-40c4-bc37-00503e83915e,Robin Zander - In This Country,Robin Zander,In This Country,,,"Nappy Roots, Anthony Hamilton",robin-zander/in-this-country; nappy-roots/in-this-country; anthony-hamilton/in-this-country
26138706-e168-4382-92e9-fb526856933d,Royal &Amp; The Serpent - Pity Party,Royal &Amp; The Serpent,Pity Party,royal-the-serpent,pity-party-2,"StandAtlantic,Royal&theSerpent",royal-the-serpent/pity-party-2; standatlantic/pity-party-2
3fcc425c-ea05-4508-bec5-9d4a7a6f23b2,Ryo(⤴️⤵️) - Never Fall In Love Again,Ryo(⤴️⤵️),Never Fall In Love Again,,,"Stephen Sanchez, Em Beihold",ryo/never-fall-in-love-again; stephen-sanchez/never-fall-in-love-again; em-beihold/never-fall-in-love-again
d0f8a2de-8314-4eca-9889-02ac1155ecf7,Sam Harper - Air That I Breathe,Sam Harper,Air That I Breathe,sam-harper,air-that-i-breathe,"ÆON:MODE, Sam Harper",sam-harper/air-that-i-breathe; on-mode/air-that-i-breathe
e75beb23-b9aa-488b-8cd9-0200997aad0b,Save Me Tonight - Jennifer Lopez & David Guetta,Save Me Tonight,Jennifer Lopez & David Guetta,,,"Jennifer Lopez, David Guetta, Seth Hills",save-me-tonight/jennifer-lopez-david-guetta; jennifer-lopez/jennifer-lopez-david-guetta; david-guetta/jennifer-lopez-david-guetta; seth-hills/jennifer-lopez-david-guetta
e3f924b6-0eb7-4d30-ac15-9c10670bc32b,Shakira - Waka Waka,Shakira,Waka Waka,,,"Shakira, Freshlyground",shakira/waka-waka; freshlyground/waka-waka
1d7b3d78-a583-4323-a28e-19e381d9c9ab,Shiraz Lane - Out There Somewhere // Official Music Video,Shiraz Lane,Out There Somewhere // Official Music Video,,,"Jon B., Rick Ross",shiraz-lane/out-there-somewhere-official-music-video; jon-b/out-there-somewhere-official-music-video; rick-ross/out-there-somewhere-official-music-video
105aa0b9-d075-4c52-bc06-6eda586e5f84,Sigma - Jungle,Sigma,Jungle,sigma,jungle-3,"Sigma, Stefflon Don, Yung Saber",sigma/jungle-3; stefflon-don/jungle-3; yung-saber/jungle-3
24fd67a6-74e3-454d-8212-6dd468b6165f,Snoop Dogg - Money,Snoop Dogg,Money,snoop-dogg,money-5,"Zoe Osama, Snoop Dogg, E-40, MoneySign Suede",snoop-dogg/money-5; zoe-osama/money-5; e-40/money-5; moneysign-suede/money-5
708abf2b-f83f-4ab0-866a-ab9939358ebf,Stacey Ryan - Don't Text Me When You're Drunk,Stacey Ryan,Don't Text Me When You're Drunk,stacey-ryan,dont-text-me-when-youre-drunk,"StaceyRyan,Zai1k",stacey-ryan/dont-text-me-when-youre-drunk; staceyryan/dont-text-me-when-youre-drunk
8177a375-315f-46d8-aff3-dbcb51958afb,The Alchemist - Next To You,The Alchemist,Next To You,alchemist,next-to-you-5,"Erykah Badu, The Alchemist",alchemist/next-to-you-5; erykah-badu/next-to-you-5
7db4a928-0989-47fc-b9b0-8a8c5049f79b,"Yellow Magic Orchestra - ""Rydeen""",Yellow Magic Orchestra,"""Rydeen""",,,"YELLOW MAGIC ORCHESTRA, 吉沢典夫",yellow-magic-orchestra/rydeen
2522766d-602f-4390-a3d8-b6290f3cac86,未分類 - Stonehenge,未分類,Stonehenge,elton-john,stonehenge,"Spinal Tap, Elton John",elton-john/stonehenge; spinal-tap/stonehenge
